date,y_true_pcr_without_lookahead_ar,y_pred_pcr_without_lookahead_ar,y_true_pcr_Completed,y_pred_pcr_Completed
1965-01-01,0.0314033866570957,0.0044352629748137,0.031403386657095786,0.004253055672454661
1965-02-01,0.0007434922350556,0.0045098918608104,0.0007434922350556907,0.00433471903466979
1965-03-01,-0.0158817270311612,0.004453459704502,-0.01588172703116125,0.004262168122136198
1965-04-01,0.0318973514063243,0.0043489590491483,0.031897351406324354,0.004154812096186737
1965-05-01,-0.0062220885163696,0.0044130866484611,-0.006222088516369613,0.004235824591210077
1965-06-01,-0.0515083543560155,0.0044092135887606,-0.051508354356015515,0.00422011985731298
1965-07-01,0.0112868753797811,0.0042177036780861,0.011286875379781174,0.00402158015650445
1965-08-01,0.0238924928945339,0.0044327605212159,0.023892492894533907,0.004282738760647183
1965-09-01,0.0297262303192369,0.0045105332791934,0.029726230319236963,0.004363854896961462
1965-10-01,0.0253095336005407,0.0042523925792148,0.025309533600540758,0.004079325115972481
1965-11-01,-0.007322207923795,0.0042963326329166,-0.007322207923795052,0.00411368821408296
1965-12-01,0.0070012487714231,0.0042280755775772,0.00700124877142317,0.004033404965904616
1966-01-01,0.001895989878772,0.0039915437807523,0.0018959898787720485,0.0037864959959079724
1966-02-01,-0.016325868069634,0.0039424094392304,-0.016325868069634035,0.003734705710031666
1966-03-01,-0.0271033912582047,0.003758957056124,-0.027103391258204754,0.003543581948666192
1966-04-01,0.0185218455901619,0.0039452350011457,0.018521845590161908,0.0037542064069283287
1966-05-01,-0.0544800586364815,0.0038476730661152,-0.05448005863648152,0.003671375353906579
1966-06-01,-0.0182771924396698,0.0037330401583575,-0.018277192439669816,0.0035372625792291705
1966-07-01,-0.0156970458147313,0.0038062052894111,-0.015697045814731317,0.0036451403726953345
1966-08-01,-0.0784380800319104,0.0037244027275613,-0.07843808003191041,0.0035659097419108512
1966-09-01,-0.0102555965655108,0.0034680513604157,-0.010255596565510847,0.0032863537907161944
1966-10-01,0.0427113782463677,0.0037225917880688,0.042711378246367705,0.0035953902971955333
1966-11-01,0.0071684681354136,0.0036790608495135,0.007168468135413679,0.003571632595074205
1966-12-01,-0.0036660743959916,0.0036076273538577,-0.0036660743959916176,0.00347643414981193
1967-01-01,0.0719431435822411,0.0038063249510535,0.07194314358224119,0.0036821289714001693
1967-02-01,0.003892375013663,0.0035946523024582,0.0038923750136630624,0.003485228064071877
1967-03-01,0.0364209704851165,0.0035071097629302,0.03642097048511655,0.0033558909061369734
1967-04-01,0.0392619265721846,0.003729890613784,0.03926192657218463,0.003599929421371412
1967-05-01,-0.0512355917397698,0.0038408385423145,-0.05123559173976985,0.0037056947236086234
1967-06-01,0.0164383957140644,0.0038922312707308,0.016438395714064493,0.003731554303524442
1967-07-01,0.0423121009865637,0.0039468711017334,0.0423121009865637,0.0038245237153803134
1967-08-01,-0.0099425948647477,0.0036644307383305,-0.009942594864747783,0.0035276765940555335
1967-09-01,0.0300609523543401,0.0036288817499549,0.03006095235434017,0.003469841828149599
1967-10-01,-0.0317241491973544,0.0036150078708759,-0.0317241491973544,0.003468102492439259
1967-11-01,0.0028208482736715,0.0034288665773568,0.0028208482736715563,0.0032511024435315943
1967-12-01,0.023424284115486,0.0033378487837057,0.023424284115486055,0.0031756099481093304
1968-01-01,-0.0467690506255959,0.0034463689513743,-0.046769050625595936,0.0032949325147473363
1968-02-01,-0.0311608418695375,0.0032088192499128,-0.031160841869537582,0.0030280160080217128
1968-03-01,0.0058564972088506,0.0031483081844947,0.005856497208850639,0.0029831495631727854
1968-04-01,0.0764519888476799,0.0031406367435328,0.07645198884767997,0.0029956707558524945
1968-05-01,0.0117514863837079,0.0033707576568962,0.011751486383707918,0.0032510037118146395
1968-06-01,0.0055763776605038,0.0033116949478421,0.005576377660503892,0.003153523284831051
1968-07-01,-0.0223864561393404,0.0030671364799662,-0.022386456139340438,0.0028914804634488003
1968-08-01,0.0120905257058095,0.003048503305517,0.012090525705809563,0.002869335707090085
1968-09-01,0.0343056984815427,0.0031795188088586,0.0343056984815427,0.003023480098059835
1968-10-01,0.0041599931228473,0.0031535765902165,0.00415999312284735,0.002996702768009639
1968-11-01,0.0480026841122287,0.0029640554841362,0.04800268411222873,0.002781271031499532
1968-12-01,-0.0459735629749623,0.0031703492108214,-0.04597356297496231,0.003000743717898868
1969-01-01,-0.012861627135048,0.0027239781636586,-0.012861627135048053,0.0025084813518851685
1969-02-01,-0.0478320825635012,0.0026800192966891,-0.047832082563501216,0.0024916718682008567
1969-03-01,0.0296641373692156,0.0025936018024907,0.029664137369215686,0.002401724165597755
1969-04-01,0.017229606064384,0.0028535724913455,0.017229606064384083,0.0027105345124599435
1969-05-01,-0.0009419243632229,0.0029595646731109,-0.0009419243632229615,0.002812918813743759
1969-06-01,-0.0609771986394954,0.002798809459593,-0.06097719863949544,0.002636319756352346
1969-07-01,-0.0657071469489884,0.0026851859462151,-0.06570714694898849,0.0025084172441870983
1969-08-01,0.0397257520749685,0.0024090075264514,0.039725752074968534,0.0022359972147941
1969-09-01,-0.0304131026515307,0.0026086160632467,-0.03041310265153072,0.002493664971827256
1969-10-01,0.0398513446656247,0.0024325364719122,0.03985134466562475,0.002282370054917255
1969-11-01,-0.0347718892815675,0.0025511592148628,-0.034771889281567506,0.002436533018696329
1969-12-01,-0.0234464200151281,0.0022536305170859,-0.023446420015128193,0.002098395686126252
1970-01-01,-0.0843739760103432,0.0020581854366938,-0.08437397601034326,0.0019103331781022935
1970-02-01,0.0516360601248361,0.0021064576536417,0.051636060124836125,0.001942439480763948
1970-03-01,-0.0028817459372872,0.0025549180414664,-0.002881745937287291,0.0024754165460336096
1970-04-01,-0.0980144300100485,0.0025973053741833,-0.0980144300100485,0.0024919602047874007
1970-05-01,-0.0615273095302318,0.0027123643752498,-0.061527309530231875,0.0025735627945132557
1970-06-01,-0.0560581105493539,0.0027304537127821,-0.056058110549353925,0.002618149565253104
1970-07-01,0.0676205282118217,0.0031530194868345,0.06762052821182173,0.0030578214419238327
1970-08-01,0.0432927088145947,0.0031609670401366,0.04329270881459474,0.003128930097785817
1970-09-01,0.0287279902779805,0.0029412845415903,0.028727990277980515,0.0028873261351653728
1970-10-01,-0.0136624881228493,0.0030101386568379,-0.013662488122849356,0.002947685576489192
1970-11-01,0.0483701030694939,0.0030109728871015,0.04837010306949397,0.002926841128476711
1970-12-01,0.0528354227602485,0.0032577316785223,0.05283542276024854,0.003212332026973896
1971-01-01,0.0381434552643819,0.0029190331387534,0.03814345526438192,0.0028579335958157674
1971-02-01,0.0099345412496348,0.0031855373013662,0.009934541249634832,0.0031218087950114002
1971-03-01,0.0353286485414117,0.0031384088722222,0.03532864854141172,0.003055121010034714
1971-04-01,0.033502090170404,0.0034807896601158,0.03350209017040406,0.003420406601039652
1971-05-01,-0.0407534456682657,0.0031174355707279,-0.04075344566826577,0.003037035859214312
1971-06-01,-0.0012571413706369,0.003094365051117,-0.0012571413706369905,0.0029825852635945484
1971-07-01,-0.0456758453915928,0.0029483528033043,-0.04567584539159281,0.0028542747878313765
1971-08-01,0.0364875021925804,0.0029404966806291,0.03648750219258041,0.0028257842014405795
1971-09-01,-0.0087439053452288,0.0031579739811595,-0.008743905345228804,0.0030952802348706444
1971-10-01,-0.0446495503870018,0.0033323444692405,-0.04464955038700188,0.003250559952898751
1971-11-01,-0.0007993629443518,0.0034040368949491,-0.0007993629443518212,0.0033110666496659496
1971-12-01,0.0805376763956428,0.003483558307388,0.0805376763956428,0.0034171722831084082
1972-01-01,0.0160123065754856,0.0032954039816207,0.016012306575485673,0.0032563179253285446
1972-02-01,0.027276462134382,0.003562665429395,0.02727646213438203,0.0034991436309698247
1972-03-01,0.0045920136014386,0.0032633280716527,0.0045920136014386,0.0031938750346533267
1972-04-01,0.0025652581116528,0.0030852355814773,0.0025652581116528007,0.0029975255261711887
1972-05-01,0.0187845736269468,0.0030304091938753,0.018784573626946802,0.0029411692811543116
1972-06-01,-0.02325770677408,0.0033090798079104,-0.023257706774080053,0.0032335542549859187
1972-07-01,0.000144541442526,0.0032547477667772,0.00014454144252603425,0.0031610496007626805
1972-08-01,0.0357718725288132,0.0032935954985826,0.03577187252881327,0.0032125860724488034
1972-09-01,-0.006676614191693,0.0031991281924895,-0.006676614191693055,0.003130856298665403
1972-10-01,0.0068272388858879,0.0029326458991505,0.006827238885887989,0.0028365160115957954
1972-11-01,0.0453798094781319,0.0030445450731632,0.04537980947813197,0.0029574236752991996
1972-12-01,0.0098773309517841,0.0028491411712222,0.00987733095178418,0.0027696241483789207
1973-01-01,-0.0212842500442637,0.0027365432939599,-0.021284250044263712,0.002633847286368678
1973-02-01,-0.0384946746219144,0.0026818321577457,-0.038494674621914415,0.002564649086425246
1973-03-01,-0.0056830500939148,0.0028488955200786,-0.0056830500939148475,0.0027346151483552475
1973-04-01,-0.0460751900965428,0.0027917508242348,-0.04607519009654285,0.0026944528005668077
1973-05-01,-0.0191352547746161,0.0028973750304045,-0.019135254774616167,0.0027873961151174366
1973-06-01,-0.0102784913479879,0.0029460781583322,-0.010278491347987976,0.002854730424228002
1973-07-01,0.0320022929452969,0.0026864734867477,0.032002292945296905,0.0025926701691360993
1973-08-01,-0.0390278419825225,0.002409634860741,-0.03902784198252258,0.0023272749284675223
1973-09-01,0.0345751097136759,0.0019792762442581,0.03457510971367593,0.0018554201716443038
1973-10-01,-0.0061670147595877,0.0019318753149905,-0.006167014759587715,0.0018420934611459014
1973-11-01,-0.1189994673335987,0.0018098477482966,-0.11899946733359879,0.0016938746831137866
1973-12-01,0.0114318235286606,0.0020146363603486,0.01143182352866066,0.001857800761505539
1974-01-01,-0.0144333847135376,0.0024887602174682,-0.014433384713537624,0.0024174456651152483
1974-02-01,-0.0037932261568629,0.002069349285428,-0.0037932261568629573,0.0019764635872783105
1974-03-01,-0.0276439104850441,0.0024147849254312,-0.02764391048504413,0.0023376440437378517
1974-04-01,-0.0458480448372648,0.0022420785895496,-0.04584804483726489,0.0021501621503843857
1974-05-01,-0.0347363314268903,0.0024193115517713,-0.034736331426890345,0.002325899881332163
1974-06-01,-0.0188809050953328,0.0025751014537537,-0.01888090509533287,0.002494797993801965
1974-07-01,-0.0867745177991441,0.0028774714596001,-0.08677451779914411,0.0028117956547411387
1974-08-01,-0.0917327890870363,0.0034886846410754,-0.0917327890870363,0.0034052421211641423
1974-09-01,-0.1330763259193627,0.0033455968834398,-0.13307632591936278,0.003257337351336773
1974-10-01,0.1503025872531725,0.0046764774360848,0.15030258725317258,0.0045991251810495355
1974-11-01,-0.0521500892522711,0.0049513637204682,-0.052150089252271194,0.005026082528998381
1974-12-01,-0.0251609695214741,0.0050389363194121,-0.025160969521474157,0.005008106879991982
1975-01-01,0.1107634714170199,0.0053281968956377,0.11076347141701991,0.005319307622720153
1975-02-01,0.0609912132754457,0.0049658887818345,0.060991213275445794,0.0050232457155757314
1975-03-01,0.0196385804956032,0.0046365187969365,0.01963858049560325,0.0046567601518862365
1975-04-01,0.0438510939192115,0.0042988497963571,0.043851093919211596,0.004289623546227889
1975-05-01,0.0455353613684279,0.0040118774689875,0.04553536136842792,0.004011571869257904
1975-06-01,0.0410920506720667,0.0041514228596127,0.04109205067206674,0.004153363694085473
1975-07-01,-0.0725364491913084,0.003665990878013,-0.07253644919130842,0.0036554469525346325
1975-08-01,-0.0205754776196612,0.0032994220825734,-0.02057547761966124,0.0032208536979954185
1975-09-01,-0.0380674939536169,0.0036921199099916,-0.03806749395361692,0.0036500341688803293
1975-10-01,0.0572542613634614,0.0040933624609892,0.05725426136346147,0.004048717275996556
1975-11-01,0.025553588372345,0.0043625294423264,0.025553588372345067,0.0043768280929337485
1975-12-01,-0.0153288716149142,0.0040356599811613,-0.015328871614914252,0.00402465958522763
1976-01-01,0.1087673662420851,0.0043595308501033,0.10876736624208513,0.00433435626367081
1976-02-01,-0.0091668626800837,0.003676706173424,-0.009166862680083718,0.0037044397068543428
1976-03-01,0.0281266086119224,0.0035467363847989,0.028126608611922496,0.0035049376687776995
1976-04-01,-0.0138476786517809,0.0034591922791911,-0.013847678651780932,0.003436552870963984
1976-05-01,-0.0118422858562395,0.0034665568136364,-0.011842285856239525,0.00342046846611483
1976-06-01,0.0387294352414729,0.0033409767340833,0.03872943524147297,0.003293614788961171
1976-07-01,-0.0119170490843321,0.0033489569551226,-0.011917049084332165,0.00333048546754089
1976-08-01,-0.0025934816578253,0.0034611780007616,-0.0025934816578253575,0.0034159708608488284
1976-09-01,0.0197372266365858,0.0036215533148168,0.01973722663658587,0.0035865230617333184
1976-10-01,-0.0245096545249126,0.0034497349802659,-0.024509654524912675,0.003421636283529559
1976-11-01,-0.0050335634863685,0.0037370295288436,-0.005033563486368596,0.0036915069801341247
1976-12-01,0.0483869335753703,0.0040223075402111,0.04838693357537034,0.003991741282124425
1977-01-01,-0.0545226856799189,0.0037784395857876,-0.054522685679918956,0.003774810626744958
1977-02-01,-0.0192554526588058,0.0036204298992596,-0.019255452658805895,0.0035547946089776496
1977-03-01,-0.016373605764063,0.0036019928959446,-0.016373605764063007,0.0035581185949780684
1977-04-01,-0.0031520035914468,0.0040395965521443,-0.0031520035914468472,0.004005733637845286
1977-05-01,-0.018871786377897,0.0039806613166487,-0.018871786377897094,0.003953164751734747
1977-06-01,0.0426778013255505,0.0041808458456591,0.042677801325550574,0.004148436032458519
1977-07-01,-0.0197648466914132,0.0040198916640972,-0.01976484669141329,0.004019846150846286
1977-08-01,-0.0167767439523421,0.0039299051144964,-0.016776743952342146,0.00389109192651809
1977-09-01,-0.005116121916944,0.0041653529666274,-0.005116121916944039,0.0041333050827018335
1977-10-01,-0.0477788337621424,0.0039732633218647,-0.04777883376214245,0.003944551500697067
1977-11-01,0.0311052077368312,0.0040708046311881,0.03110520773683122,0.004019615979946864
1977-12-01,0.0006665108405529,0.0042356586544791,0.000666510840552921,0.004232397054423929
1978-01-01,-0.067447714407908,0.0043468314816581,-0.06744771440790806,0.0043286876453415245
1978-02-01,-0.0209830968202411,0.0045524851409688,-0.020983096820241152,0.004501354836968427
1978-03-01,0.021282895612907,0.0047313349381236,0.02128289561290705,0.004710304776569369
1978-04-01,0.0798413132768231,0.0046968612635194,0.07984131327682313,0.004700236393069507
1978-05-01,0.0085387073999224,0.0040251942338638,0.008538707399922452,0.004046653091789837
1978-06-01,-0.0221024251662178,0.0037687402250349,-0.022102425166217868,0.003745066905001806
1978-07-01,0.0498257303730285,0.0038647255926389,0.04982573037302855,0.0038254009660932515
1978-08-01,0.0275031421482403,0.0033255639140126,0.027503142148240383,0.0033173713253114535
1978-09-01,-0.0113572334139164,0.00321478199114,-0.01135723341391644,0.003191935460273917
1978-10-01,-0.1006152478836872,0.0028192773033692,-0.10061524788368721,0.002760567148424918
1978-11-01,0.019443312794266,0.0034836639055542,0.01944331279426601,0.0033865409186229637
1978-12-01,0.0087195638868285,0.0035753375987791,0.008719563886828565,0.0035554643381264005
1979-01-01,0.0341401193591804,0.0035042789898761,0.034140119359180404,0.0034716822283931605
1979-02-01,-0.0363408769693429,0.003047495973096,-0.036340876969342996,0.003019881601875316
1979-03-01,0.0477088101408916,0.0031013792475053,0.04770881014089164,0.0030316260913681803
1979-04-01,-0.0037938940726299,0.0027996336700658,-0.0037938940726299965,0.002776576353995118
1979-05-01,-0.0251275911314187,0.0026881883148459,-0.0251275911314187,0.0026303954096482
1979-06-01,0.031464832019031,0.002914385508551,0.03146483201903101,0.002849571462176681
1979-07-01,0.0043084585481727,0.002917485279797,0.004308458548172797,0.0028864773128848267
1979-08-01,0.0523562897911999,0.0028775507078862,0.05235628979119999,0.0028304057494202882
1979-09-01,-0.0068507459996501,0.0023653337136136,-0.00685074599965011,0.0023334654644248023
1979-10-01,-0.0764702326838946,0.0022110898780987,-0.07647023268389468,0.0021381753766803106
1979-11-01,0.0415801187953438,0.002314337426984,0.041580118795343894,0.002197526312133627
1979-12-01,0.0087186918081091,0.0027891537038496,0.00871869180810915,0.002760180142381532
1980-01-01,0.0515339400332389,0.0025622471661491,0.051533940033238954,0.0025070677249511846
1980-02-01,-0.0062530311709495,0.0019043499744438,-0.006253031170949596,0.0018559859459835629
1980-03-01,-0.1146339137850536,0.0016923094006326,-0.11463391378505361,0.0016044191545670546
1980-04-01,0.0289987103104482,0.0015577404089986,0.028998710310448296,0.0014055185155584667
1980-05-01,0.0460040607099685,0.0031116764447914,0.04600406070996852,0.0030901566538848544
1980-06-01,0.0232073925827087,0.0042422678682097,0.02320739258270871,0.004251709018670607
1980-07-01,0.0606889844942955,0.0044611110894979,0.06068898449429553,0.004462044095860135
1980-08-01,0.0069846916440149,0.0034845820471182,0.0069846916440149676,0.0034829819739984943
1980-09-01,0.0200799206232142,0.0030736096026785,0.02007992062321428,0.0030286860529013184
1980-10-01,0.0081971189644344,0.0028860833674034,0.008197118964434456,0.0028412582481417738
1980-11-01,0.0947247181511014,0.0028414985424173,0.09472471815110148,0.0027883205026071763
1980-12-01,-0.0441279665046167,0.0019371721745344,-0.044127966504616714,0.0019088439038867527
1981-01-01,-0.054684879211375,0.0012779903110257,-0.05468487921137505,0.0011504924943871071
1981-02-01,0.010400853221878,0.0016050449954593,0.010400853221878061,0.0014811506659444876
1981-03-01,0.0255429333184907,0.0015497097285229,0.0255429333184907,0.00146787160547203
1981-04-01,-0.0311601331535612,0.0020877388222728,-0.03116013315356122,0.0020297976399346928
1981-05-01,-0.0049166641415348,0.0016578908148638,-0.004916664141534861,0.0015500910582577267
1981-06-01,-0.0216989481034675,0.0010183789761988,-0.021698948103467515,0.0009156240065215844
1981-07-01,-0.0116100044655654,0.0015474777134779,-0.011610004465565423,0.0014473499235451563
1981-08-01,-0.0698607157951266,0.0017222879110983,-0.06986071579512665,0.0016320857859062395
1981-09-01,-0.0641076907395625,0.0022169366011454,-0.0641076907395625,0.0021000651924874053
1981-10-01,0.0387750437176396,0.0029388705954766,0.03877504371763964,0.0028471864608015872
1981-11-01,0.0322506068184844,0.0038548292912918,0.032250606818484434,0.0038539668244168125
1981-12-01,-0.0360942089178163,0.0043686833373039,-0.03609420891781635,0.004379312497027022
1982-01-01,-0.0234544657201774,0.0043615612228584,-0.023454465720177453,0.004321826140671611
1982-02-01,-0.0609155504776944,0.004121941744212,-0.0609155504776944,0.004088935010106602
1982-03-01,-0.0165805510362584,0.0044219271826472,-0.016580551036258495,0.00436998533692301
1982-04-01,0.0294733563217991,0.0049946970567078,0.0294733563217991,0.00498520632667123
1982-05-01,-0.0404932422455284,0.0046122759249427,-0.04049324224552843,0.004623490481873209
1982-06-01,-0.0254590264561038,0.004923232122347,-0.025459026456103838,0.004898095234640934
1982-07-01,-0.0308510470232697,0.0047724694324247,-0.030851047023269764,0.004751814709111114
1982-08-01,0.1123446051607048,0.0052957484088858,0.1123446051607048,0.005293052273866554
1982-09-01,0.0053542603687292,0.0058583648312913,0.005354260368729298,0.00596814305022354
1982-10-01,0.1019514905328991,0.0057809520183648,0.10195149053289913,0.005812702771943533
1982-11-01,0.0384579183816815,0.0051867020522712,0.03845791838168153,0.005263430730727976
1982-12-01,0.0100172072626379,0.0048563000266307,0.010017207262637922,0.0048852475547324255
1983-01-01,0.0278081745024206,0.0048223945110449,0.027808174502420603,0.004829142541176415
1983-02-01,0.0192266198886463,0.0042111442920229,0.019226619888646306,0.004214361054897925
1983-03-01,0.0285751919653218,0.0039521697029751,0.0285751919653218,0.003943964902573337
1983-04-01,0.0659143615450435,0.0035925362412647,0.06591436154504356,0.0035813237979535374
1983-05-01,-0.0125795364962208,0.0029474192223817,-0.012579536496220855,0.0029452712706836107
1983-06-01,0.0296253444710518,0.0029084481686427,0.029625344471051893,0.0028481225352279017
1983-07-01,-0.0391090656239386,0.0027584421104688,-0.039109065623938635,0.0027227177299192144
1983-08-01,0.008168216432438,0.0026338906821008,0.00816821643243805,0.0025450855055110726
1983-09-01,0.0064351846075695,0.002875829279252,0.00643518460756953,0.0028311856709687063
1983-10-01,-0.0207659335244524,0.0030050670940277,-0.020765933524452433,0.0029629544174581144
1983-11-01,0.0165905109460868,0.002946521414255,0.016590510946086816,0.002883359055721985
1983-12-01,-0.0130390730780875,0.0027144111606288,-0.01303907307808752,0.002672113264837839
1984-01-01,-0.0114768824988117,0.0027001031253521,-0.011476882498811724,0.002636558780406808
1984-02-01,-0.0417015557483694,0.0027255118037315,-0.04170155574836947,0.002666137232557968
1984-03-01,0.009873659867987,0.003035117637999,0.009873659867987005,0.0029587117142061844
1984-04-01,-0.0013092586494334,0.0034471215079698,-0.0013092586494334434,0.003415988099887333
1984-05-01,-0.0623642642025036,0.0035397436287355,-0.06236426420250366,0.0035048525509579543
1984-06-01,0.0152058866567294,0.0037171439020684,0.015205886656729445,0.0036436060323932506
1984-07-01,-0.0220271787295816,0.0041303539610404,-0.022027178729581674,0.0041269678002618096
1984-08-01,0.098288258751154,0.0043553711982613,0.09828825875115402,0.004331272929918133
1984-09-01,-0.0086272327085752,0.0033418278142924,-0.008627232708575258,0.0033747709036311946
1984-10-01,-0.0066248663445929,0.0035135779760183,-0.0066248663445929315,0.0034754500200146685
1984-11-01,-0.0171632266551663,0.0036718786453544,-0.01716322665516638,0.0036433293373608323
1984-12-01,0.0188552975838559,0.0040383447422977,0.01885529758385593,0.004009615442012781
1985-01-01,0.0675778618910293,0.0041346632920147,0.06757786189102939,0.004136731741046748
1985-02-01,0.0082833551013425,0.0035763490672273,0.008283355101342555,0.0035975319685430185
1985-03-01,-0.0068170614088751,0.0029926871526813,-0.0068170614088751925,0.0029525378842346914
1985-04-01,-0.0108850805423497,0.0033475995728058,-0.01088508054234975,0.003308517050347148
1985-05-01,0.0542721633016758,0.0035246849268258,0.05427216330167584,0.003485988644639707
1985-06-01,0.010452393257272,0.0034393529814323,0.010452393257272033,0.0034494265063632844
1985-07-01,-0.0095073858352204,0.0033682403995139,-0.009507385835220455,0.003341813517296075
1985-08-01,-0.0119789709419002,0.0032057352699787,-0.011978970941900225,0.0031583392444926132
1985-09-01,-0.0397953513872444,0.0035043257879322,-0.03979535138724447,0.0034651877039768436
1985-10-01,0.0376135145477983,0.0036153221470279,0.0376135145477983,0.003560555024534595
1985-11-01,0.0633391763289094,0.0035088410821144,0.0633391763289094,0.0035081876446087846
1985-12-01,0.0405534636851728,0.0032807263354236,0.04055346368517284,0.003290463867255058
1986-01-01,-0.000889416893681,0.0030349882811531,-0.0008894168936810116,0.003019319511550919
1986-02-01,0.0684522565325806,0.0032042473928583,0.0684522565325806,0.00316121738097624
1986-03-01,0.0483470100411303,0.0032323327497871,0.04834701004113033,0.0032426994968222118
1986-04-01,-0.0186244119947888,0.0028053630122524,-0.018624411994788814,0.0027833344917607013
1986-05-01,0.0489616898624585,0.0028199646792514,0.04896168986245859,0.0027414006273375254
1986-06-01,0.0104348222156562,0.0026695478483631,0.01043482221565625,0.0026381107840996332
1986-07-01,-0.0644493886197413,0.0029466976730131,-0.06444938861974137,0.002897360142959904
1986-08-01,0.0671887365527146,0.0033752148311906,0.06718873655271466,0.003283420087529301
1986-09-01,-0.0914027416632206,0.0029022898970168,-0.09140274166322068,0.002891513876838075
1986-10-01,0.0504080729116084,0.0035647633373818,0.05040807291160845,0.003455559118096651
1986-11-01,0.0206792149471322,0.0035153504009317,0.020679214947132266,0.003517822498400613
1986-12-01,-0.0327866052609134,0.0033423746327163,-0.03278660526091344,0.0033143394188071044
1987-01-01,0.1226026667983535,0.0031169317156942,0.12260266679835356,0.0030467906621192407
1987-02-01,0.0366380873918386,0.0026655407416321,0.0366380873918386,0.0026879072392481133
1987-03-01,0.0213061890309304,0.0027413746440233,0.021306189030930477,0.002705128029931442
1987-04-01,-0.0134765026625501,0.0026029678262347,-0.013476502662550117,0.002543024573285748
1987-05-01,0.0052937933624653,0.0028279446740363,0.005293793362465398,0.0027506739409403737
1987-06-01,0.0441349718828693,0.0030393302540804,0.044134971882869314,0.002984085120291325
1987-07-01,0.0440511768463016,0.0030332329749045,0.04405117684630165,0.0030046004884719864
1987-08-01,0.0336736633309582,0.0026861847376768,0.033673663330958246,0.0026460199885215757
1987-09-01,-0.0266741664087357,0.0024643847253014,-0.026674166408735704,0.0024051029233105184
1987-10-01,-0.2490668848972703,0.0027168393334938,-0.2490668848972703,0.0026229720057846773
1987-11-01,-0.0889145321325338,0.00840741913632,-0.08891453213253382,0.008292605942729132
1987-12-01,0.0674249530356313,0.005572459791937,0.06742495303563137,0.005515842606931623
1988-01-01,0.0389292082186467,0.0054959298973376,0.03892920821864677,0.005562233595833209
1988-02-01,0.0417644131352748,0.0050217716749859,0.041764413135274826,0.005046120118921396
1988-03-01,-0.0357231331198835,0.0044894791635759,-0.03572313311988358,0.004505962194763695
1988-04-01,0.0058716391480493,0.0044596000737425,0.005871639148049394,0.0044111316437291295
1988-05-01,0.0028930352916634,0.0042047772822016,0.0028930352916634143,0.004174891503135983
1988-06-01,0.0416863437208316,0.0043581997962214,0.0416863437208316,0.004343560037675957
1988-07-01,-0.0095550055620655,0.0042042864423446,-0.0095550055620655,0.004212488322056217
1988-08-01,-0.0389101142124983,0.0040027319557435,-0.038910114212498306,0.003964801518665398
1988-09-01,0.0356700459351852,0.0042054147713785,0.03567004593518523,0.004148327495778662
1988-10-01,0.020454320625945,0.0039141014917112,0.02045432062594506,0.003912516571931498
1988-11-01,-0.0201428462459173,0.0031899148976317,-0.02014284624591737,0.003155748119951827
1988-12-01,0.0121027546834484,0.0031814712590101,0.012102754683448408,0.0031083666694834942
1989-01-01,0.064323741733997,0.0030604894221527,0.064323741733997,0.003012604121885222
1989-02-01,-0.0314310736774203,0.0025823828746181,-0.03143107367742036,0.002558777582920283
1989-03-01,0.0160989771764151,0.0025982217887757,0.01609897717641516,0.0024970318922690926
1989-04-01,0.0437369036589178,0.0025393934327831,0.043736903658917844,0.0024723387160452844
1989-05-01,0.0323339645562831,0.0024437618241197,0.032333964556283144,0.0023992199503379604
1989-06-01,-0.012701714465684,0.0024878287522145,-0.012701714465684015,0.002433021721552135
1989-07-01,0.0792507051757368,0.0026257739073294,0.07925070517573686,0.0025371643121042137
1989-08-01,0.0122857449337618,0.0024816885101343,0.01228574493376183,0.0024612861294298362
1989-09-01,-0.0104910035675693,0.0022377316544979,-0.010491003567569376,0.0021498012524238694
1989-10-01,-0.0306998681865409,0.0023630921418645,-0.030699868186540916,0.0022642916045576907
1989-11-01,0.0133958209686306,0.0030905466412742,0.013395820968630602,0.002991937309928152
1989-12-01,0.0163226720643629,0.0028847462701767,0.01632267206436299,0.0028210193187344474
1990-01-01,-0.0757426129944046,0.002762885662005,-0.0757426129944046,0.002696561524027967
1990-02-01,0.0076084486490858,0.002473839507621,0.007608448649085831,0.0023275569265878223
1990-03-01,0.0198610750409901,0.002765350357887,0.01986107504099012,0.0027004206620496645
1990-04-01,-0.0316855233281121,0.0028686267018059,-0.03168552332811212,0.0028136995160670322
1990-05-01,0.0861840748642812,0.002972032590156,0.08618407486428122,0.0028812957061342672
1990-06-01,-0.0130571494361768,0.0028578842329232,-0.013057149436176883,0.0028578575985275453
1990-07-01,-0.0112409328887529,0.0027673404221755,-0.0112409328887529,0.0026859839420189653
1990-08-01,-0.1017696022324921,0.0025759864908995,-0.10176960223249218,0.002487045656301546
1990-09-01,-0.0561801765304678,0.0030123564890346,-0.056180176530467835,0.00286150758440901
1990-10-01,-0.0103804690386475,0.0035449581311503,-0.010380469038647542,0.003452384750234039
1990-11-01,0.0568786911398376,0.0043287072599503,0.05687869113983768,0.004305243020719045
1990-12-01,0.0216204493610687,0.0043538736495782,0.021620449361068765,0.004385621655597284
1991-01-01,0.0388313156668154,0.0040310912844534,0.03883131566681544,0.004022622135734419
1991-02-01,0.0643316799822868,0.0037844696459702,0.06433167998228685,0.0037872071465153683
1991-03-01,0.0196718216994659,0.0031377944080993,0.019671821699465995,0.0031343531109879743
1991-04-01,-0.0030205724591091,0.0031173585059404,-0.0030205724591091635,0.003072986644267557
1991-05-01,0.0373450701862925,0.0030598786005449,0.037345070186292545,0.0029967359097646208
1991-06-01,-0.0506090349982614,0.0030157598665975,-0.05060903499826147,0.002983414351459872
1991-07-01,0.0405880732430133,0.0032500177446562,0.04058807324301335,0.003155647694988804
1991-08-01,0.0190147632893651,0.0030911666271064,0.019014763289365154,0.003066767314471674
1991-09-01,-0.0215942172996448,0.003216721312693,-0.021594217299644856,0.0031786796450468347
1991-10-01,0.0091770408802254,0.0032095940217381,0.009177040880225482,0.0031406653397414506
1991-11-01,-0.0449373507518787,0.0031882855849171,-0.04493735075187877,0.0031418174225603768
1991-12-01,0.1042442323552496,0.0036165968920026,0.1042442323552496,0.0035356346020886612
1992-01-01,-0.0219126453214363,0.0035218382038523,-0.021912645321436323,0.00356806299472397
1992-02-01,0.0099868615614285,0.0032805710518811,0.00998686156142853,0.003214521407305524
1992-03-01,-0.0230562702474488,0.0029297760223507,-0.023056270247448885,0.0028777207601845224
1992-04-01,0.0250173741025695,0.0027044584047701,0.025017374102569583,0.002617810516656795
1992-05-01,0.0020421893382479,0.0029592100363838,0.0020421893382479395,0.002920701186953139
1992-06-01,-0.0183389860231786,0.0029015077980696,-0.018338986023178603,0.0028444892491414834
1992-07-01,0.0370135753361052,0.0031470672080786,0.03701357533610525,0.003080115395682111
1992-08-01,-0.0234270811777547,0.0029349042358909,-0.023427081177754765,0.0029057130923629214
1992-09-01,0.0086795583470494,0.0031142534108386,0.008679558347049447,0.0030397553052339582
1992-10-01,0.0024871767834701,0.0031000640082756,0.0024871767834701726,0.003051764656648466
1992-11-01,0.0309381708837479,0.0032406466222413,0.030938170883747954,0.003148922242634916
1992-12-01,0.0104951910192084,0.0032558758394814,0.01049519101920843,0.003015116788188093
1993-01-01,0.0049582552058841,0.0032795241224983,0.004958255205884105,0.002838340198762404
1993-02-01,0.0112377567127628,0.0033071901339359,0.011237756712762888,0.0023749647053232185
1993-03-01,0.018483484664906,0.0032220140537554,0.018483484664906038,0.002339983606913767
1993-04-01,-0.0272217208995596,0.0033286500166328,-0.027221720899559605,0.0022577095080983283
1993-05-01,0.0237225679954947,0.0031941645661431,0.023722567995494742,0.0023003475366828313
1993-06-01,0.0009631270666331,0.0032116466330696,0.0009631270666331385,0.0024381443879288945
1993-07-01,-0.007000704833327,0.0032326600276498,-0.007000704833327086,0.002421694414920916
1993-08-01,0.034250584688409,0.0031585915815815,0.034250584688409046,0.0023693524384025607
1993-09-01,-0.0102075153286037,0.0033799057746871,-0.01020751532860378,0.002111272329989204
1993-10-01,0.0174913117952625,0.0033312996905977,0.017491311795262518,0.002059449686732066
1993-11-01,-0.0111895522362486,0.0033389675343568,-0.011189552236248679,0.001813550215350579
1993-12-01,0.0102693480852732,0.0032863613873996,0.010269348085273227,0.001904388945510717
1994-01-01,0.0303855189842415,0.0033559336078747,0.030385518984241525,0.0020254152464154605
1994-02-01,-0.0296344761954553,0.0035308737670435,-0.02963447619545534,0.0017070961516193377
1994-03-01,-0.0471248516621094,0.0034702467813486,-0.04712485166210944,0.001811283342261394
1994-04-01,0.010039195869242,0.0035112584357749,0.010039195869242012,0.002050979033263111
1994-05-01,0.0130822318679286,0.0035386473259199,0.013082231867928635,0.0020085014488213154
1994-06-01,-0.0281689401156731,0.0035827902628579,-0.028168940115673148,0.002035583284179252
1994-07-01,0.0293942009973683,0.0037802561737469,0.02939420099736831,0.0022002447872157826
1994-08-01,0.0368161338005641,0.0037565959118797,0.03681613380056417,0.00201404658014126
1994-09-01,-0.0279243908863616,0.0037254041257995,-0.027924390886361637,0.0018354897683957394
1994-10-01,0.0185771189820299,0.0037568961532493,0.018577118982029905,0.001735457211667668
1994-11-01,-0.0406144507173907,0.0037935343486133,-0.040614450717390706,0.0018728851948743653
1994-12-01,0.0104539282342642,0.0040015479722521,0.01045392823426423,0.0020068616441623515
1995-01-01,0.0214755674707653,0.0039596938181235,0.021475567470765344,0.001852919313770299
1995-02-01,0.0344861085446628,0.0040660026987144,0.034486108544662865,0.00155141054937631
1995-03-01,0.0243225388287968,0.004020988894615,0.024322538828796807,0.0013130039614043998
1995-04-01,0.0245809027250599,0.004079508765437,0.024580902725059996,0.0013835450145265652
1995-05-01,0.0336515701643569,0.004090996662684,0.033651570164356936,0.0013966044304188434
1995-06-01,0.0191788928638276,0.0041072993213088,0.019178892863827686,0.001506667237330749
1995-07-01,0.0283692699839128,0.0041312373745231,0.02836926998391286,0.001639311114419781
1995-08-01,-0.0011931072094472,0.0041213210360587,-0.001193107209447283,0.0015003654257393808
1995-09-01,0.0369490457988589,0.0042286896538896,0.03694904579885893,0.0015977133613805637
1995-10-01,-0.008136926796194,0.004158090213226,-0.008136926796194082,0.0013995143396711546
1995-11-01,0.0390397260837866,0.0041357616846638,0.039039726083786655,0.0012964298750967698
1995-12-01,0.012601134927481,0.0041109561710893,0.012601134927481016,0.0015106836355104711
1996-01-01,0.0299763367642802,0.0041397727625505,0.029976336764280284,0.0015455059796350666
1996-02-01,0.0061450410552096,0.0042523344144514,0.006145041055209689,0.001550924994212225
1996-03-01,0.0056469406098408,0.0042716382492632,0.005646940609840866,0.0016878484745405007
1996-04-01,0.010430186058434,0.0043493744975781,0.010430186058434036,0.0017597953005193743
1996-05-01,0.0207521082512791,0.0042806705626488,0.02075210825127919,0.0019588081729645973
1996-06-01,0.0001274819136761,0.0042871391557532,0.00012748191367616991,0.002019174976837168
1996-07-01,-0.0499507677228449,0.0042588142725727,-0.04995076772284492,0.0018744822518300037
1996-08-01,0.017599421298687,0.0041746298463745,0.017599421298687065,0.0019180792099194291
1996-09-01,0.0501309803729225,0.0042536430229943,0.05013098037292255,0.0020342470824118333
1996-10-01,0.0222540175954961,0.0043423161609516,0.02225401759549611,0.0019885901749863233
1996-11-01,0.0695686111713514,0.0043553026518126,0.06956861117135146,0.0020376444702170184
1996-12-01,-0.0245860584426604,0.0045144849460362,-0.024586058442660444,0.0019212119649832998
1997-01-01,0.0564424338996228,0.0044464358064068,0.05644243389962286,0.0019215869365499867
1997-02-01,0.0038296929170261,0.0046139153893448,0.0038296929170261113,0.002027499301937734
1997-03-01,-0.0468726569532942,0.0046461669389132,-0.04687265695329426,0.0022255331005152108
1997-04-01,0.0542365838699269,0.0046152462063924,0.054236583869926976,0.0022247439704852
1997-05-01,0.0547016994903126,0.0046232724424221,0.05470169949031263,0.0022931649445444976
1997-06-01,0.0394649717601813,0.0047581005581507,0.03946497176018139,0.00240746929105935
1997-07-01,0.0730294544600756,0.0049101854255057,0.07302945446007567,0.002303919975501875
1997-08-01,-0.0606355147151208,0.0051762492015829,-0.06063551471512088,0.0022818459971178442
1997-09-01,0.0480939365754393,0.0049828031403634,0.048093936575439394,0.002559735090598166
1997-10-01,-0.0373395917179464,0.0050971223993876,-0.037339591717946485,0.0024399891547153556
1997-11-01,0.0413877872135197,0.0050742608456463,0.04138778721351978,0.003079535637980754
1997-12-01,0.012213132662187,0.0050588874678685,0.012213132662187001,0.0030045386177505956
1998-01-01,0.0076318605767868,0.0050717001576561,0.007631860576786862,0.0029672574984627004
1998-02-01,0.0655926023147871,0.0050827006382768,0.06559260231478714,0.0024723982576555677
1998-03-01,0.0461693216158123,0.0053087101924979,0.04616932161581232,0.0024610582357447353
1998-04-01,0.0069211295466903,0.0055466980721423,0.0069211295466903005,0.0025343868963384757
1998-05-01,-0.021824071428821,0.0055501452905143,-0.021824071428821003,0.002412233434302193
1998-06-01,0.0360613528705149,0.0054072992081345,0.0360613528705149,0.002529888719012854
1998-07-01,-0.014152464194701,0.0055662559191779,-0.014152464194701043,0.002747713348801294
1998-08-01,-0.1587528430520315,0.0054731390121472,-0.1587528430520315,0.002774330226364461
1998-09-01,0.0566712024648778,0.0049703136975493,0.056671202464877876,0.0034847997216670415
1998-10-01,0.0738689227361129,0.0050401391700428,0.07386892273611297,0.003513741585870875
1998-11-01,0.0572131316020899,0.0051093468153422,0.057213131602089976,0.003206804283158456
1998-12-01,0.0541675717262388,0.0053212220032621,0.054167571726238886,0.003208378663633784
1999-01-01,0.0384155138229538,0.0056165472254838,0.03841551382295383,0.003125990972988161
1999-02-01,-0.0359499344538623,0.0058178944282789,-0.035949934453862326,0.003159517366669288
1999-03-01,0.0339477187536143,0.0055799496103571,0.03394771875361438,0.0031760418306904592
1999-04-01,0.0331776671380849,0.0057412092844371,0.033177667138084996,0.0031200202735015177
1999-05-01,-0.0268256163425588,0.0058597380223399,-0.02682561634255884,0.0028597272914095122
1999-06-01,0.0490092636713591,0.0056473983351727,0.04900926367135917,0.0029905661392442026
1999-07-01,-0.0344788355710609,0.0059105170088263,-0.034478835571060996,0.0030055490477399714
1999-08-01,-0.0089089766474712,0.0056807340966191,-0.00890897664747126,0.0029885973832982277
1999-09-01,-0.0323731682602567,0.0056117523724552,-0.03237316826025674,0.0029532804683896335
1999-10-01,0.0583666354010521,0.0054768872094086,0.05836663540105213,0.0031599634782742366
1999-11-01,0.017014649590161,0.0056495237354247,0.017014649590161076,0.003305709869022254
1999-12-01,0.0563086236922754,0.0057042096425703,0.05630862369227549,0.003117771895663891
2000-01-01,-0.0549955144317816,0.0059617723668737,-0.05499551443178162,0.002984474084860475
2000-02-01,-0.0219029694779476,0.0056002819206082,-0.021902969477947603,0.0027736197869752508
2000-03-01,0.0892456993094737,0.0054684347235538,0.08924569930947378,0.003479658052249756
2000-04-01,-0.0366819516766727,0.0058330369723984,-0.036681951676672736,0.003309944286867392
2000-05-01,-0.0275440372244497,0.0056176851993025,-0.02754403722444972,0.0031832935023470596
2000-06-01,0.0218891529941654,0.0055061658976783,0.021889152994165488,0.00306715816136026
2000-07-01,-0.0176660777458153,0.0055475305842431,-0.017666077745815353,0.0032327159188538694
2000-08-01,0.0557255469803393,0.0054508137377014,0.05572554698033938,0.0028780869335344596
2000-09-01,-0.0585806470885847,0.0056203354786157,-0.058580647088584764,0.0025579572360420045
2000-10-01,-0.0097128888776807,0.0053794926127398,-0.00971288887768075,0.0025239161821295074
2000-11-01,-0.0865878091787184,0.0052618626616441,-0.08658780917871847,0.0025597722880540117
2000-12-01,0.000716161405639,0.0049579060857631,0.000716161405639004,0.002750142139110708
2001-01-01,0.0264735949473703,0.0048075478436017,0.026473594947370352,0.0027042977472266486
2001-02-01,-0.0991501791569761,0.0048683292402594,-0.09915017915697616,0.002427630320594095
2001-03-01,-0.0700169538787935,0.0044575412850369,-0.0700169538787935,0.0020043236937730717
2001-04-01,0.0710517791361082,0.0043082483796894,0.07105177913610822,0.002451598034708435
2001-05-01,0.0036406931752369,0.0043653923642073,0.003640693175236971,0.00271095068142915
2001-06-01,-0.0276063318107356,0.0042674821338335,-0.027606331810735605,0.002562386126274854
2001-07-01,-0.0123561837143107,0.0040523047912665,-0.012356183714310751,0.0026122790440262136
2001-08-01,-0.0686315570460171,0.0038108990946863,-0.06863155704601713,0.0026969829215075054
2001-09-01,-0.0865701645510129,0.0036574208930102,-0.08657016455101291,0.0029563597791430426
2001-10-01,0.0171539616382942,0.0035428565176598,0.017153961638294267,0.003474217568270508
2001-11-01,0.0741387051488496,0.0031705697991655,0.07413870514884968,0.0037899856389544554
2001-12-01,0.0075114090645284,0.0033233808071571,0.00751140906452841,0.0034913352596985946
2002-01-01,-0.0158265996998319,0.0033060120720453,-0.01582659969983194,0.003402476357436995
2002-02-01,-0.0209724113966701,0.0033525425924841,-0.020972411396670124,0.003391856286235829
2002-03-01,0.0355842125735563,0.0033484124151775,0.03558421257355633,0.0033552691003121762
2002-04-01,-0.0644397408609034,0.0035540728896565,-0.06443974086090341,0.0030611752285665222
2002-05-01,-0.0092296000288958,0.0033650048277028,-0.009229600028895876,0.0034668847339448285
2002-06-01,-0.0753214392490256,0.0031779468610331,-0.07532143924902568,0.003577789310527161
2002-07-01,-0.0783658816813478,0.0030827962240637,-0.07836588168134782,0.00351896020094113
2002-08-01,0.0056371669562904,0.0031876750713367,0.00563716695629047,0.00428992646037314
2002-09-01,-0.1167705914905927,0.0034216910366904,-0.11677059149059273,0.00420483535123814
2002-10-01,0.0834925274927732,0.0036681516998634,0.08349252749277325,0.004522877484304611
2002-11-01,0.0561437273370434,0.0032414338715957,0.056143727337043425,0.004655420689106039
2002-12-01,-0.061735142321619,0.0029173811880484,-0.06173514232161907,0.0040924280161305
2003-01-01,-0.0279381082837753,0.0029969152206873,-0.02793810828377535,0.004204550686493752
2003-02-01,-0.0162630104375515,0.0032612327214055,-0.016263010437551555,0.004097716375903017
2003-03-01,0.0092557345271826,0.0035947157386549,0.009255734527182613,0.004168496166392559
2003-04-01,0.0785267663154328,0.0034955974606524,0.07852676631543286,0.004564931638513782
2003-05-01,0.0509819760759047,0.0029935170164034,0.05098197607590475,0.004413366421042392
2003-06-01,0.011735069738217,0.0030831088060271,0.011735069738217047,0.003912212133081469
2003-07-01,0.0170733631405596,0.0030163391764061,0.017073363140559638,0.0031836550420563554
2003-08-01,0.0187076960708957,0.0029498505154279,0.018707696070895705,0.0031267524717607043
2003-09-01,-0.0115947377048755,0.003299860283187,-0.01159473770487557,0.003124264596902151
2003-10-01,0.0533716766734539,0.0031859457139524,0.05337167667345397,0.0029485475510496483
2003-11-01,0.0085166431098837,0.0030663969942579,0.008516643109883726,0.002849153968006044
2003-12-01,0.0496842867998873,0.0031339344414842,0.04968428679988734,0.0025835540403174382
2004-01-01,0.0181985418298204,0.0032557295705621,0.018198541829820454,0.002334432591100268
2004-02-01,0.0137004420377328,0.0034296984634087,0.013700442037732883,0.0020730524888932966
2004-03-01,-0.0159949591081786,0.0034439716097888,-0.015994959108178684,0.0018217649914818008
2004-04-01,-0.0165063872124229,0.0035767718263901,-0.016506387212422927,0.0021575813725884232
2004-05-01,0.0129371404354114,0.0034487170230683,0.012937140435411429,0.002316268673000847
2004-06-01,0.0185008603168124,0.00373652603131,0.018500860316812494,0.0025151743536928253
2004-07-01,-0.0345087151898174,0.0035613130075722,-0.03450871518981745,0.0023662687745613156
2004-08-01,0.0027003762717778,0.0033898848052853,0.0027003762717778806,0.002308173405930967
2004-09-01,0.0096595193088677,0.0035281587843635,0.009659519308867794,0.0024164176588572514
2004-10-01,0.0137626157114155,0.0036733007599649,0.013762615711415535,0.0023114955433568072
2004-11-01,0.0382591926281619,0.003801584024317,0.038259192628161916,0.002399858874620509
2004-12-01,0.0315787682422993,0.0034523611064839,0.031578768242299333,0.0023671081091934747
2005-01-01,-0.0257111023210049,0.003404652410639,-0.0257111023210049,0.0023711242029563467
2005-02-01,0.0193326803915299,0.0034567565948127,0.019332680391529976,0.0020028770532957395
2005-03-01,-0.0194881372862283,0.0035786719123464,-0.0194881372862283,0.0019594960111653506
2005-04-01,-0.0212051871124666,0.0036466253521019,-0.021205187112466693,0.002085694227768907
2005-05-01,0.02909572848926,0.003613295163086,0.02909572848926003,0.002285291222795496
2005-06-01,-0.0005818314080637,0.0036076032948323,-0.0005818314080637123,0.002534079454111525
2005-07-01,0.0342857555933427,0.0037138597252192,0.034285755593342786,0.0025859016734022674
2005-08-01,-0.012196710500426,0.0036965019805777,-0.012196710500426032,0.0020733764974241063
2005-09-01,0.005138832582203,0.00379134952116,0.005138832582203051,0.002046062765045913
2005-10-01,-0.0184924656875058,0.0038938022022902,-0.018492465687505864,0.0019359744505501198
2005-11-01,0.0344789611232638,0.0036851824326766,0.03447896112326385,0.002172250015252878
2005-12-01,-0.0032548926965912,0.0035840514139853,-0.0032548926965912,0.00247217095125978
2006-01-01,0.0226045639472526,0.0036654925601699,0.0226045639472526,0.0022732674184416744
2006-02-01,-0.000972168635639,0.0038165078804843,-0.0009721686356390386,0.001755319139681251
2006-03-01,0.0091332172121379,0.0037715953041457,0.009133217212137973,0.0019512910513249655
2006-04-01,0.0083982744622285,0.003881011852786,0.008398274462228515,0.0018276886943587186
2006-05-01,-0.03301849910516,0.0038561750053927,-0.033018499105160026,0.0014376334489927985
2006-06-01,-0.0024062792232982,0.0037387713112864,-0.002406279223298239,0.0016420305134102297
2006-07-01,0.00156351810415,0.0037615092938154,0.0015635181041500027,0.001948161597751037
2006-08-01,0.0196717956460595,0.0037325573718353,0.019671795646059538,0.0018191851737000952
2006-09-01,0.0220506750998331,0.0037504421761698,0.02205067509983315,0.0019803237904159085
2006-10-01,0.0279175777289541,0.0037007334707203,0.027917577728954122,0.0018899257169305524
2006-11-01,0.0140268345474733,0.0036204003914568,0.01402683454747333,0.0018662633786160543
2006-12-01,0.0096820608772815,0.003777872902887,0.009682060877281518,0.0017781276635643905
2007-01-01,0.0108065910390864,0.0038354316134311,0.010806591039086457,0.0018497751036462987
2007-02-01,-0.0232692387395733,0.0038646381618148,-0.023269238739573397,0.0017088782878387685
2007-03-01,0.0065443064379309,0.0039756689161919,0.006544306437930981,0.002116226539319185
2007-04-01,0.0386605204323405,0.0040599067795718,0.03866052043234055,0.0020368525505583294
2007-05-01,0.0297869668420231,0.0040140620451062,0.02978696684202319,0.0022276785322496873
2007-06-01,-0.0207516830848776,0.0039468838795005,-0.0207516830848776,0.0020336257368424155
2007-07-01,-0.0356860114032182,0.0038254376487717,-0.03568601140321822,0.0019357516729803272
2007-08-01,0.0107900144246021,0.0037978782966619,0.01079001442460215,0.0022426638132912167
2007-09-01,0.0335882383770365,0.0035693071233466,0.03358823837703651,0.0021003772073502937
2007-10-01,0.0140161458338351,0.0037152030874475,0.014016145833835134,0.0021551011353470547
2007-11-01,-0.04565684811723,0.0037415252347803,-0.04565684811723002,0.002421374408404813
2007-12-01,-0.0088311408845111,0.0036197108621491,-0.008831140884511174,0.0022420256510126734
2008-01-01,-0.0652143972966869,0.0035831758108353,-0.06521439729668692,0.0024853798495949346
2008-02-01,-0.0332223208775561,0.0035321075247381,-0.03322232087755615,0.002594494020178526
2008-03-01,-0.0051043497704143,0.0034306515273889,-0.005104349770414339,0.0028451888430322462
2008-04-01,0.0456852147546799,0.003552703589777,0.04568521475467997,0.003126496116788052
2008-05-01,0.0111040228940285,0.0034400061755463,0.011104022894028513,0.0032956700357669676
2008-06-01,-0.0881740772219016,0.003540140842501,-0.08817407722190165,0.0031245977466810154
2008-07-01,-0.0088316956505538,0.0035392614703391,-0.00883169565055382,0.003505440206813245
2008-08-01,0.013545120803937,0.003254697212938,0.013545120803937076,0.0037128870515204604
2008-09-01,-0.0908406026335015,0.0030138665701274,-0.0908406026335015,0.0038557019342884136
2008-10-01,-0.183497307670243,0.0030133887333725,-0.18349730767024308,0.0053804393789383485
2008-11-01,-0.0766541403193767,0.0025594439151224,-0.07665414031937677,0.008214676027416209
2008-12-01,0.0119236301416059,0.0018605244925287,0.011923630141605997,0.00858307357998985
2009-01-01,-0.0862280475086561,0.0015710488485863,-0.08622804750865612,0.009777279110797087
2009-02-01,-0.1094551452644451,0.0014394066105734,-0.10945514526444515,0.009309707365129262
2009-03-01,0.083804714778078,0.0012258897939264,0.08380471477807806,0.009679945299337769
2009-04-01,0.0899509245625797,0.0005500434307016,0.08995092456257976,0.011513002936819013
2009-05-01,0.0531994764675774,0.0009640420346567,0.053199476467577445,0.010672866263590399
2009-06-01,0.0023729447620579,0.0011462867428634,0.0023729447620579997,0.009164932613128885
2009-07-01,0.0717386899821148,0.0012777424674434,0.07173868998211481,0.007989591057090177
2009-08-01,0.0340608230629133,0.001335525501424,0.03406082306291338,0.007071911784867966
2009-09-01,0.035782460056766,0.001644998281599,0.03578246005676601,0.005910830248140561
2009-10-01,-0.0184277528693229,0.0018762076576134,-0.018427752869322984,0.004962617062154183
2009-11-01,0.0585113315672268,0.0021157239477924,0.05851133156722689,0.0036912743236169636
2009-12-01,0.0187050760785201,0.0025761268508475,0.018705076078520136,0.003520153944639238
2010-01-01,-0.0364057189697848,0.0027351611525771,-0.03640571896978488,0.0037636299028509642
2010-02-01,0.0299703680221652,0.0028720135019664,0.02997036802216527,0.0032645149741905473
2010-03-01,0.0591250596434214,0.0029349523833042,0.05912505964342146,0.0033960413923924647
2010-04-01,0.0157507161044424,0.0032181822168997,0.015750716104442498,0.003358084559364191
2010-05-01,-0.0836022633923564,0.0031027694776042,-0.08360226339235645,0.0032514074771877455
2010-06-01,-0.0551107167828229,0.0029346856020553,-0.05511071678282296,0.0037952580139686545
2010-07-01,0.0679800599963817,0.0028645390547744,0.06798005999638175,0.004727272500952601
2010-08-01,-0.0465984870573362,0.0029996681155794,-0.04659848705733622,0.004087268150587588
2010-09-01,0.0864290156693668,0.0030486027034726,0.08642901566936685,0.004340748829222909
2010-10-01,0.0378949672271292,0.0031863083156997,0.037894967227129255,0.0037443168569751156
2010-11-01,-0.0001509963008775,0.0032267272018898,-0.00015099630087752702,0.0035489352313787708
2010-12-01,0.0648025223825659,0.0032137435264787,0.06480252238256598,0.003447879736813127
2011-01-01,0.0229805872597284,0.0033513207287529,0.022980587259728482,0.0033260054254124777
2011-02-01,0.0318907990067198,0.0034151403014938,0.03189079900671981,0.002789961886256489
2011-03-01,0.0005248097685087,0.0034333905802896,0.0005248097685087721,0.002463380546709187
2011-04-01,0.0290159364699799,0.0035301434071195,0.029015936469979922,0.002382910604061704
2011-05-01,-0.0113774787444351,0.0035210743446101,-0.011377478744435149,0.00260149940749523
2011-06-01,-0.0166833971566002,0.0034789506551552,-0.016683397156600242,0.002743802250751744
2011-07-01,-0.0200272125135517,0.0033006745122696,-0.02002721251355179,0.002843582295026923
2011-08-01,-0.0559542008658273,0.0033171733575344,-0.055954200865827336,0.0031285763426257256
2011-09-01,-0.0728266395649,0.0031041346277881,-0.07282663956490008,0.004274527478110853
2011-10-01,0.1034713322741207,0.0030548436634287,0.10347133227412074,0.0044174983646370755
2011-11-01,-0.0027307250381605,0.0030699086174671,-0.002730725038160582,0.004149842454934831
2011-12-01,0.0093828431297915,0.0032513630704988,0.00938284312979158,0.004078644589397703
2012-01-01,0.0442130384263186,0.0033044533316371,0.04421303842631866,0.004091582849360555
2012-02-01,0.0424280640997654,0.0035008972024128,0.042428064099765454,0.003939098281149858
2012-03-01,0.0323374624589512,0.0035393299955481,0.03233746245895126,0.002746460090529862
2012-04-01,-0.0060522781419636,0.0035871605665471,-0.006052278141963614,0.0023791902550688074
2012-05-01,-0.0617520194141162,0.0034766082000494,-0.06175201941411624,0.0027894413381348263
2012-06-01,0.040628375777356,0.0033330040427209,0.04062837577735601,0.0036355408195849538
2012-07-01,0.0142608292721971,0.0033324591623806,0.014260829272197127,0.0035893801177420137
2012-08-01,0.0223892162735302,0.003449937100561,0.022389216273530202,0.0036991928223882985
2012-09-01,0.024709683908241,0.0035862302169965,0.024709683908241072,0.003636529056985068
2012-10-01,-0.018097991622411,0.0036353808266271,-0.01809799162241106,0.0032486408349802313
2012-11-01,0.0052118720209539,0.0034793581545181,0.005211872020953935,0.0033407536725920226
2012-12-01,0.0083720159534618,0.0034091627307808,0.00837201595346182,0.0035490717082708547
2013-01-01,0.0510362113445366,0.0035558139833354,0.05103621134453669,0.0035898869442689066
2013-02-01,0.0129290583530074,0.003675599935595,0.01292905835300745,0.003189398205990276
2013-03-01,0.0368949337007419,0.0037494112099876,0.036894933700741955,0.002795886841024229
2013-04-01,0.0194309896200015,0.0036916260255341,0.01943098962000152,0.002904774307430312
2013-05-01,0.0228567821429275,0.0036485313620444,0.02285678214292753,0.002983617266729315
2013-06-01,-0.0136943409200265,0.0037663947703294,-0.01369434092002653,0.002925277817942959
2013-07-01,0.0494299594567714,0.0037707448406958,0.049429959456771415,0.0028862769777459863
2013-08-01,-0.0296420157036885,0.0038009902364426,-0.02964201570368851,0.003035443713351361
2013-09-01,0.0311691554120294,0.0037514291997581,0.031169155412029498,0.0031179160815981996
2013-10-01,0.0452295469746309,0.0038629593913039,0.045229546974630996,0.0030643587578444475
2013-11-01,0.0303516917050942,0.003846186878001,0.030351691705094247,0.003078947934050704
2013-12-01,0.0256190126176195,0.0039291738485703,0.02561901261761954,0.0028415118170307067
2014-01-01,-0.0352811235371434,0.0040200616869764,-0.035281123537143425,0.002606141739692375
2014-02-01,0.0447410250782266,0.0039183152383609,0.04474102507822664,0.002824406927177707
2014-03-01,0.0080237236615797,0.0039902357206432,0.008023723661579706,0.0024966519984268476
2014-04-01,0.0065336094134791,0.0040546817423918,0.006533609413479119,0.0025430939409814305
2014-05-01,0.0230414941466543,0.0040133763419448,0.02304149414665438,0.0025894060281996837
2014-06-01,0.0204249826125356,0.0040805645765911,0.02042498261253566,0.0024827425773354134
2014-07-01,-0.014072555558805,0.0041280766138739,-0.014072555558805046,0.0026494774575896232
2014-08-01,0.0390062670844435,0.0041698350509064,0.03900626708444354,0.00289271665345149
2014-09-01,-0.0140259047331276,0.0041191091528615,-0.014025904733127677,0.0028173869238544156
2014-10-01,0.0236891824934688,0.0040737807046677,0.023689182493468894,0.002910568943111224
2014-11-01,0.0272561531788688,0.0040469773554644,0.027256153178868814,0.002998478161997623
2014-12-01,-0.0024760629152683,0.0041499550659107,-0.002476062915268345,0.00328792487660675
2015-01-01,-0.0298717512049634,0.0041039018519003,-0.02987175120496344,0.003428615089142416
2015-02-01,0.0554120008592705,0.0040121673915503,0.05541200085927052,0.0033060415270752593
2015-03-01,-0.0151065312363151,0.0042354293374677,-0.015106531236315153,0.002904665126410028
2015-04-01,0.0090598354699182,0.0042150796043838,0.00905983546991824,0.0030679426944556004
2015-05-01,0.0124442481575607,0.0042083348358918,0.012444248157560725,0.0029848738016058753
2015-06-01,-0.0195325237774196,0.0042201608505443,-0.01953252377741963,0.0030746141515496025
2015-07-01,0.0210733881649181,0.0041634205468552,0.021073388164918116,0.0032759421470481454
2015-08-01,-0.0619530663082164,0.0041636034531944,-0.06195306630821644,0.0034651724373658973
2015-09-01,-0.0248533004999821,0.0039416176184841,-0.024853300499982165,0.003934917603318986
2015-10-01,0.080149471204877,0.003862835093677,0.08014947120487702,0.004430933004414026
2015-11-01,0.0033673241949126,0.0041097211128585,0.003367324194912681,0.0036695959655107142
2015-12-01,-0.0154644256776035,0.0041001061327015,-0.015464425677603543,0.0037154224898147794
2016-01-01,-0.0504463694370718,0.0040391726285807,-0.0504463694370718,0.0037119668485048555
2016-02-01,-0.0019434990490417,0.0039264102287249,-0.0019434990490417871,0.00380323163268395
2016-03-01,0.06496959198043,0.0038815647980396,0.06496959198043008,0.003767354190574954
2016-04-01,0.0036400024820047,0.0041137872543371,0.003640002482004733,0.0033385650949689675
2016-05-01,0.0182181977344973,0.004136674887746,0.018218197734497316,0.0030689177738580918
2016-06-01,0.0024714485524926,0.0041582159622973,0.0024714485524926152,0.0029435936601930547
2016-07-01,0.0357181703038332,0.0040859160636542,0.03571817030383328,0.0031995436704754564
2016-08-01,0.0010462431385952,0.0042026714929794,0.0010462431385952302,0.003482674153129703
2016-09-01,0.000245920568896,0.0042261124215829,0.00024592056889602355,0.003292115833952577
2016-10-01,-0.0183069257797067,0.0041924101989114,-0.01830692577970672,0.00299207294705528
2016-11-01,0.0350856651883296,0.0042040027829091,0.03508566518832965,0.0035799673855425925
2016-12-01,0.0187219754658442,0.0042446343987177,0.018721975465844254,0.003690198967563241
2017-01-01,0.0187986032721405,0.0043119939966318,0.018798603272140516,0.0032198986074814208
2017-02-01,0.0383004654773039,0.0043761772027315,0.0383004654773039,0.003020183290600196
2017-03-01,0.0013636604151681,0.0044689025800578,0.0013636604151681473,0.0031718005653391585
2017-04-01,0.0100354331937317,0.0044611861804538,0.010035433193731721,0.0031535892235649006
2017-05-01,0.0138473156749183,0.0044914567049419,0.013847315674918382,0.0031711573018349797
2017-06-01,0.0051814362148906,0.0045062542799651,0.00518143621489069,0.003440909400955259
2017-07-01,0.0197849924261629,0.0045311018639865,0.019784992426162943,0.003229525141422377
2017-08-01,0.0013359041653519,0.0045668639123859,0.00133590416535191,0.0030684602918736913
2017-09-01,0.018952050459765,0.0045738981047731,0.01895205045976504,0.0032621563453073647
2017-10-01,0.0229458293167832,0.0046219034589158,0.02294582931678324,0.0030596847956585946
2017-11-01,0.0301067572919072,0.0046711519912806,0.030106757291907284,0.0032179623554300985
2017-12-01,0.0101877127691437,0.0047514903275417,0.01018771276914379,0.002906965839423204
2018-01-01,0.0553376471598587,0.0047729786263217,0.05533764715985873,0.002954671740214533
2018-02-01,-0.0394878949824143,0.0049297652641701,-0.039487894982414395,0.002904028873031418
2018-03-01,-0.0269879686371656,0.0048014064905537,-0.026987968637165672,0.0034984934394343588
2018-04-01,0.0023638904468205,0.0047083840960926,0.00236389044682053,0.003937180103185143
2018-05-01,0.0221221741276384,0.0047053269330508,0.022122174127638485,0.003962649605293422
2018-06-01,0.005417692413215,0.0047518842273455,0.005417692413215002,0.004059197876381161
2018-07-01,0.0348720603454619,0.0047577921467346,0.034872060345461926,0.003517591555662159
2018-08-01,0.0308084476114863,0.0048448674682366,0.030808447611486323,0.003283511219211368
2018-09-01,0.0036259693935125,0.0049188553589036,0.0036259693935125096,0.003187424258934258
2018-10-01,-0.0727595991003232,0.0049198831648783,-0.07275959910032322,0.0028645088142901136
2018-11-01,0.017761078537244,0.0047181210235217,0.017761078537244065,0.003161640496179849
2018-12-01,-0.0969190189555075,0.0047590007318948,-0.09691901895550757,0.0032825986081370874
2019-01-01,0.0761670223938383,0.0044733504807815,0.07616702239383837,0.003921410206648208
2019-02-01,0.0294172993448603,0.0046391295861121,0.029417299344860308,0.003470704289575826
2019-03-01,0.0174445203492926,0.0047000186119448,0.01744452034929265,0.0034257554144673788
2019-04-01,0.0377275399409817,0.0047316798808991,0.03772753994098176,0.003020541809959123
2019-05-01,-0.0673693878488796,0.0048140087307181,-0.06736938784887962,0.0025824572830913527
2019-06-01,0.0654499019705831,0.0046297206723893,0.06544990197058316,0.003209683420430913
2019-07-01,0.0125992056932788,0.0047986294993271,0.012599205693278838,0.002727295419539088
2019-08-01,-0.0178144891385514,0.0048179209208199,-0.017814489138551458,0.002976626986491811
2019-09-01,0.0168182482205047,0.004757859325308,0.016818248220504713,0.003409468244620877
2019-10-01,0.019891705391788,0.0047970246639893,0.019891705391788087,0.003194827468036859
2019-11-01,0.0343666851942605,0.0048409789210451,0.03436668519426053,0.0033414486881146203
2019-12-01,0.0279529638260669,0.0049399520512217,0.027952963826066997,0.003048409920717144
2020-01-01,-0.0011911615632001,0.0050182641021124,-0.0011911615632001801,0.003201920846722606
2020-02-01,-0.0866177451058845,0.0049803472682944,-0.08661774510588452,0.003182956441248748
2020-03-01,-0.1313045490718479,0.0047220887617878,-0.1313045490718479,0.00396266207531915
2020-04-01,0.1212348490656005,0.0042714998007529,0.12123484906560059,0.008123659258019998
2020-05-01,0.0466099116950199,0.0047832552425816,0.04660991169501996,0.00569554965959635
2020-06-01,0.020043750578977,0.0049243526726197,0.020043750578977018,0.003966412436615194
2020-07-01,0.0552495616211481,0.0050039780627725,0.055249561621148184,0.0036658134193415246
2020-08-01,0.0694894984723205,0.0051649177143514,0.06948949847232057,0.0035295265472273045
2020-09-01,-0.0389978002939695,0.0054356434007582,-0.038997800293969535,0.003102069622298209
2020-10-01,-0.0268639763946073,0.0052733277168232,-0.026863976394607386,0.003157383981529395
2020-11-01,0.1037229391847147,0.0051360774366115,0.10372293918471474,0.0036264134086621772
2020-12-01,0.0406311153900844,0.0055869466884844,0.040631115390084405,0.0031233275151598206
2021-01-01,-0.010102862485526,0.0057483348547975,-0.010102862485526077,0.002642201748541179
2021-02-01,0.0257691061339588,0.0056944318818627,0.025769106133958882,0.0031937293025818925
2021-03-01,0.0424021853608253,0.0056924042800708,0.04240218536082537,0.002284438879652622
2021-04-01,0.0525013643770624,0.0057772968149367,0.05250136437706243,0.0022762286844259898
2021-05-01,0.0061888097490995,0.0058144360464749,0.006188809749099547,0.0027418535177536458
2021-06-01,0.0234059315126499,0.005810311090981,0.02340593151264995,0.0029502570535995527
2021-07-01,0.0240143338308454,0.005812156103947,0.024014333830845454,0.0029790836408347694
2021-08-01,0.0301411569119868,0.0059416427264267,0.030141156911986842,0.0031549638421316498
2021-09-01,-0.0471723235795628,0.0059865924151468,-0.04717232357956286,0.0029590737778561935
2021-10-01,0.0681351704332082,0.0058389997574034,0.06813517043320823,0.0032062143338135595
2021-11-01,-0.0073824478070516,0.0059471723649387,-0.007382447807051622,0.002975339055799724
2021-12-01,0.0425660727312743,0.0059455752186658,0.04256607273127432,0.0033544372159956077
2022-01-01,-0.0536571386989617,0.0060962345663286,-0.0536571386989617,0.003221921036774162
2022-02-01,-0.0297306069991366,0.0057250713149654,-0.029730606999136613,0.003518952475918583
2022-03-01,0.0371235327976332,0.0055625526621066,0.037123532797633245,0.0035642272300792357
2022-04-01,-0.0917504796656673,0.005680525984099,-0.09175047966566735,0.003639534627181466
2022-05-01,7.397507043500933e-05,0.005467734662363,7.397507043500933e-05,0.004220258634867789
2022-06-01,-0.0858124521372896,0.0054316166869588,-0.08581245213728965,0.004259918617175672
2022-07-01,0.0888271069835548,0.0051046419572977,0.08882710698355487,0.00468463568065896
2022-08-01,-0.0430275306937608,0.005384981635468,-0.04302753069376081,0.0046965567868110574
2022-09-01,-0.0978530848668108,0.0052715793665967,-0.09785308486681081,0.004620370515207661
2022-10-01,0.0748932853562264,0.0049902538289811,0.07489328535622648,0.004888804371544099
2022-11-01,0.0498531812445855,0.0051547820694396,0.04985318124458556,0.004430585712505923
2022-12-01,-0.0638771896478401,0.0052994732872445,-0.06387718964784019,0.004234956507634972
2023-01-01,0.0583629142908495,0.0051483697762369,0.058362914290849555,0.004100288316812413
2023-02-01,-0.0279584788977522,0.0052267701928329,-0.027958478897752215,0.0035678838755454365
2023-03-01,0.0332001964438796,0.0051256436026066,0.03320019644387964,0.0033613913912401458
2023-04-01,0.0114095014554196,0.0052328231456208,0.011409501455419658,0.003502568227928233
2023-05-01,0.0016984372689479,0.0051747669288656,0.0016984372689479968,0.003069465323480111
2023-06-01,0.0608139640962878,0.0052015920671079,0.06081396409628787,0.0032909868770409443
2023-07-01,0.0267180218513411,0.0053134882555957,0.02671802185134111,0.0026759578786164796
2023-08-01,-0.0200340926088386,0.0054023792826998,-0.020034092608838643,0.002577587939094234
2023-09-01,-0.0530252471377756,0.0053174721521017,-0.05302524713777568,0.00285023831784602
2023-10-01,-0.0259534847908558,0.0051755181620128,-0.02595348479085589,0.0027040632461878353
2023-11-01,0.0825246907146499,0.0051342010698892,0.08252469071464996,0.003053273514773481
2023-12-01,0.0402101973338458,0.0053333954729343,0.04021019733384584,0.002734338852705982
2024-01-01,0.011018007251685,0.0054748758536834,0.011018007251685093,0.0026693359349968552
2024-02-01,0.0474814677961373,0.0054614753249159,0.04748146779613739,0.0021706668507759873
2024-03-01,0.0274123221079974,0.0055696393074266,0.027412322107997406,0.0021560190676641203
2024-04-01,-0.0453026723714286,0.0055925503705449,-0.04530267237142862,0.002190993717229192
2024-05-01,0.0438577642227819,0.0054663056491813,0.043857764222781905,0.0023624584987918603
2024-06-01,0.0324321926444464,0.0056037273353858,0.03243219264444645,0.0023916610313387656
2024-07-01,0.0075848999589441,0.0057447260899351,0.007584899958944101,0.002328639159628057
2024-08-01,0.0192043388906424,0.0057243880158661,0.019204338890642443,0.0023378712572386866
2024-09-01,0.01857247482787,0.0058132425790862,0.018572474827870035,0.002336573222815053
2024-10-01,-0.0126203929459674,0.0058161256846727,-0.01262039294596742,0.0023620215973757506
2024-11-01,0.0546730347925757,0.0057637699514362,0.05467303479257573,0.002486739887127606
2024-12-01,-0.0274173784844249,0.0059533753911793,-0.027417378484424965,0.002401305819208751
